{
  "topk_gt": 3,
  "checkpoint_path": "/data/rbg/users/weian/project/rl/dc/weian_development/spec_sparse_simulator/experiments/exp_008_topk_attention_pairs/output/ablation_topk/topk_3/checkpoints/final_model.pt",
  "evaluation": {
    "hit_rates": {
      "50": {
        "hit_rate": 98.67412723512955,
        "recent_hit_rate": 2.5909256781413452,
        "bin_hit_rate": 96.0832015569882,
        "total_queries": 16442,
        "total_hits": 16224,
        "recent_hits": 426,
        "bin_hits": 15798
      },
      "500": {
        "hit_rate": 99.02688237440701,
        "recent_hit_rate": 2.5909256781413452,
        "bin_hit_rate": 96.43595669626566,
        "total_queries": 16442,
        "total_hits": 16282,
        "recent_hits": 426,
        "bin_hits": 15856
      },
      "1000": {
        "hit_rate": 99.22758788468556,
        "recent_hit_rate": 2.5909256781413452,
        "bin_hit_rate": 96.63666220654422,
        "total_queries": 16442,
        "total_hits": 16315,
        "recent_hits": 426,
        "bin_hits": 15889
      }
    },
    "collapse_metrics": {
      "total_queries": 16442,
      "num_bins": 128,
      "soft_metrics": {
        "active_bin_count": 11,
        "dead_bin_count": 106,
        "gini_coefficient": "0.9728",
        "entropy_normalized": "0.298",
        "max_bin_usage": 0.5025,
        "bin_usage_distribution": [
          0.0,
          1e-06,
          0.000241,
          0.0,
          0.001395,
          1e-06,
          0.502484,
          0.000552,
          0.0,
          2e-06,
          0.0,
          0.00631,
          0.0,
          2e-06,
          1e-06,
          0.0,
          1e-06,
          0.004936,
          2.4e-05,
          1e-06,
          2.4e-05,
          0.106794,
          0.0,
          1.7e-05,
          1e-06,
          3e-06,
          0.0,
          1e-06,
          0.001386,
          0.0,
          0.0,
          1e-06,
          0.0,
          7e-06,
          1e-06,
          1e-06,
          0.001314,
          0.009093,
          8.7e-05,
          4e-06,
          0.000136,
          1e-06,
          1e-06,
          0.0,
          5.7e-05,
          1.4e-05,
          1e-06,
          1e-06,
          3e-06,
          0.0,
          4e-06,
          0.0,
          0.0,
          1e-06,
          0.00132,
          1e-06,
          2e-06,
          2e-06,
          1e-06,
          0.0,
          1.2e-05,
          0.28357,
          1.7e-05,
          0.00294,
          2e-06,
          1e-06,
          1e-06,
          1e-06,
          1e-06,
          4e-06,
          9e-06,
          3e-06,
          1e-06,
          0.014719,
          0.0,
          0.0,
          2e-06,
          4e-06,
          5.9e-05,
          0.000472,
          0.00871,
          0.0,
          1e-06,
          0.000421,
          3e-06,
          0.0,
          0.0,
          0.000191,
          0.0,
          0.0,
          0.0,
          0.0,
          1e-06,
          0.0,
          0.0,
          0.0,
          1.4e-05,
          0.0,
          0.010427,
          0.0,
          0.0,
          1e-06,
          0.012897,
          0.002683,
          0.0,
          1e-06,
          0.0,
          0.0,
          5e-06,
          0.000421,
          3e-05,
          1e-06,
          2e-06,
          2.1e-05,
          2.2e-05,
          0.002012,
          0.0,
          5.6e-05,
          1e-06,
          1e-06,
          1e-06,
          0.0,
          1e-06,
          1e-06,
          0.024019,
          4e-06,
          0.0,
          1e-06
        ]
      },
      "hard_metrics": {
        "active_bin_count": 6,
        "dead_bin_count": 118,
        "max_bin_usage": 0.6071,
        "top1_distribution": [
          0.0,
          0.0,
          0.0,
          0.0,
          0.000182,
          0.0,
          0.607104,
          0.0,
          0.0,
          0.0,
          0.0,
          0.001034,
          0.0,
          0.0,
          0.0,
          0.0,
          0.0,
          0.000851,
          0.0,
          0.0,
          0.0,
          0.071828,
          0.0,
          0.0,
          0.0,
          0.0,
          0.0,
          0.0,
          0.0,
          0.0,
          0.0,
          0.0,
          0.0,
          0.0,
          0.0,
          0.0,
          0.0,
          6.1e-05,
          0.0,
          0.0,
          0.0,
          0.0,
          0.0,
          0.0,
          0.0,
          0.0,
          0.0,
          0.0,
          0.0,
          0.0,
          0.0,
          0.0,
          0.0,
          0.0,
          0.0,
          0.0,
          0.0,
          0.0,
          0.0,
          0.0,
          0.0,
          0.295767,
          0.0,
          0.000243,
          0.0,
          0.0,
          0.0,
          0.0,
          0.0,
          0.0,
          0.0,
          0.0,
          0.0,
          0.004379,
          0.0,
          0.0,
          0.0,
          0.0,
          0.0,
          0.0,
          0.006447,
          0.0,
          0.0,
          0.0,
          0.0,
          0.0,
          0.0,
          0.0,
          0.0,
          0.0,
          0.0,
          0.0,
          0.0,
          0.0,
          0.0,
          0.0,
          0.0,
          0.0,
          0.001095,
          0.0,
          0.0,
          0.0,
          0.00225,
          0.000182,
          0.0,
          0.0,
          0.0,
          0.0,
          0.0,
          0.0,
          0.0,
          0.0,
          0.0,
          0.0,
          0.0,
          0.000122,
          0.0,
          0.0,
          0.0,
          0.0,
          0.0,
          0.0,
          0.0,
          0.0,
          0.008454,
          0.0,
          0.0,
          0.0
        ]
      },
      "thresholds": {
        "active_threshold": 0.003906,
        "dead_threshold": 0.000391,
        "alpha": 0.05
      }
    }
  }
}