{
  "topk_gt": 10,
  "checkpoint_path": "/data/rbg/users/weian/project/rl/dc/weian_development/spec_sparse_simulator/experiments/exp_008_topk_attention_pairs/output/ablation_topk/topk_10/checkpoints/final_model.pt",
  "evaluation": {
    "hit_rates": {
      "50": {
        "hit_rate": 98.6802092202895,
        "recent_hit_rate": 2.5909256781413452,
        "bin_hit_rate": 96.08928354214815,
        "total_queries": 16442,
        "total_hits": 16225,
        "recent_hits": 426,
        "bin_hits": 15799
      },
      "500": {
        "hit_rate": 99.08162024084662,
        "recent_hit_rate": 2.5909256781413452,
        "bin_hit_rate": 96.49069456270527,
        "total_queries": 16442,
        "total_hits": 16291,
        "recent_hits": 426,
        "bin_hits": 15865
      },
      "1000": {
        "hit_rate": 99.25799781048535,
        "recent_hit_rate": 2.5909256781413452,
        "bin_hit_rate": 96.667072132344,
        "total_queries": 16442,
        "total_hits": 16320,
        "recent_hits": 426,
        "bin_hits": 15894
      }
    },
    "collapse_metrics": {
      "total_queries": 16442,
      "num_bins": 128,
      "soft_metrics": {
        "active_bin_count": 16,
        "dead_bin_count": 110,
        "gini_coefficient": "0.9488",
        "entropy_normalized": "0.446",
        "max_bin_usage": 0.3204,
        "bin_usage_distribution": [
          0.0,
          1e-06,
          8.7e-05,
          0.0,
          1e-05,
          0.0,
          0.014887,
          0.014264,
          1e-06,
          2e-06,
          0.0,
          1e-06,
          0.0,
          0.00379,
          1e-06,
          1e-06,
          1e-06,
          1e-06,
          2.3e-05,
          2e-06,
          2e-05,
          0.097179,
          0.0,
          2.5e-05,
          1e-06,
          6e-06,
          0.0,
          1e-06,
          0.005517,
          0.0,
          1e-06,
          1e-06,
          0.0,
          0.004341,
          2e-06,
          1e-06,
          5e-06,
          0.059749,
          0.135757,
          3e-06,
          1.3e-05,
          1e-06,
          2e-06,
          0.0,
          1e-06,
          2e-05,
          1e-06,
          1e-06,
          3e-06,
          0.0,
          4e-06,
          0.0,
          0.0,
          1e-06,
          0.0,
          1e-06,
          2e-06,
          0.154789,
          6.3e-05,
          0.0,
          0.034404,
          0.320376,
          2e-05,
          1e-06,
          2e-06,
          1e-06,
          1e-06,
          1e-06,
          1e-06,
          8e-06,
          7e-06,
          2e-06,
          1e-06,
          0.065022,
          0.0,
          0.0,
          2e-06,
          4e-06,
          4.1e-05,
          0.0,
          8e-06,
          0.0,
          0.02971,
          0.0,
          1e-06,
          1e-06,
          0.0,
          0.000406,
          0.0,
          0.0,
          0.0,
          0.0,
          1e-06,
          0.0,
          0.005585,
          0.0,
          9e-06,
          0.0,
          0.024734,
          1e-06,
          0.0,
          1e-06,
          1e-06,
          0.0,
          0.0,
          1e-06,
          0.0,
          0.0,
          2.9e-05,
          0.0,
          0.0,
          1e-06,
          1e-06,
          1.3e-05,
          0.019959,
          0.0,
          0.0,
          1e-06,
          1e-06,
          1e-06,
          2e-06,
          0.0,
          1e-06,
          1e-06,
          0.009045,
          4e-06,
          1e-06,
          1e-06
        ]
      },
      "hard_metrics": {
        "active_bin_count": 10,
        "dead_bin_count": 112,
        "max_bin_usage": 0.5771,
        "top1_distribution": [
          0.0,
          0.0,
          0.0,
          0.0,
          0.0,
          0.0,
          0.006082,
          0.003953,
          0.0,
          0.0,
          0.0,
          0.0,
          0.0,
          0.003163,
          0.0,
          0.0,
          0.0,
          0.0,
          0.0,
          0.0,
          0.0,
          0.044885,
          0.0,
          0.0,
          0.0,
          0.0,
          0.0,
          0.0,
          0.000365,
          0.0,
          0.0,
          0.0,
          0.0,
          0.001885,
          0.0,
          0.0,
          0.0,
          0.018976,
          0.10315,
          0.0,
          0.0,
          0.0,
          0.0,
          0.0,
          0.0,
          0.0,
          0.0,
          0.0,
          0.0,
          0.0,
          0.0,
          0.0,
          0.0,
          0.0,
          0.0,
          0.0,
          0.0,
          0.181426,
          0.0,
          0.0,
          0.005595,
          0.577059,
          0.0,
          0.0,
          0.0,
          0.0,
          0.0,
          0.0,
          0.0,
          0.0,
          0.0,
          0.0,
          0.0,
          0.038256,
          0.0,
          0.0,
          0.0,
          0.0,
          0.0,
          0.0,
          0.0,
          0.0,
          0.008211,
          0.0,
          0.0,
          0.0,
          0.0,
          0.0,
          0.0,
          0.0,
          0.0,
          0.0,
          0.0,
          0.0,
          0.000426,
          0.0,
          0.0,
          0.0,
          0.000973,
          0.0,
          0.0,
          0.0,
          0.0,
          0.0,
          0.0,
          0.0,
          0.0,
          0.0,
          0.0,
          0.0,
          0.0,
          0.0,
          0.0,
          0.0,
          0.003892,
          0.0,
          0.0,
          0.0,
          0.0,
          0.0,
          0.0,
          0.0,
          0.0,
          0.0,
          0.001703,
          0.0,
          0.0,
          0.0
        ]
      },
      "thresholds": {
        "active_threshold": 0.003906,
        "dead_threshold": 0.000391,
        "alpha": 0.05
      }
    }
  }
}