{
  "topk_gt": 1,
  "checkpoint_path": "/data/rbg/users/weian/project/rl/dc/weian_development/spec_sparse_simulator/experiments/exp_008_topk_attention_pairs/output/ablation_topk/topk_1/checkpoints/final_model.pt",
  "evaluation": {
    "hit_rates": {
      "50": {
        "hit_rate": 98.61938936868994,
        "recent_hit_rate": 2.5909256781413452,
        "bin_hit_rate": 96.02846369054859,
        "total_queries": 16442,
        "total_hits": 16215,
        "recent_hits": 426,
        "bin_hits": 15789
      },
      "500": {
        "hit_rate": 98.91740664152779,
        "recent_hit_rate": 2.5909256781413452,
        "bin_hit_rate": 96.32648096338644,
        "total_queries": 16442,
        "total_hits": 16264,
        "recent_hits": 426,
        "bin_hits": 15838
      },
      "1000": {
        "hit_rate": 99.16068604792603,
        "recent_hit_rate": 2.5909256781413452,
        "bin_hit_rate": 96.5697603697847,
        "total_queries": 16442,
        "total_hits": 16304,
        "recent_hits": 426,
        "bin_hits": 15878
      }
    },
    "collapse_metrics": {
      "total_queries": 16442,
      "num_bins": 128,
      "soft_metrics": {
        "active_bin_count": 1,
        "dead_bin_count": 124,
        "gini_coefficient": "0.9919",
        "entropy_normalized": "0.0083",
        "max_bin_usage": 0.9951,
        "bin_usage_distribution": [
          0.0,
          1e-06,
          0.000232,
          0.0,
          0.0,
          0.0,
          9e-06,
          1e-06,
          0.0,
          1e-06,
          0.0,
          1e-06,
          0.0,
          1e-06,
          1e-06,
          1e-06,
          0.0,
          1e-06,
          2.4e-05,
          1e-06,
          1.6e-05,
          1e-06,
          0.0,
          6e-06,
          1e-06,
          2e-06,
          0.0,
          0.0,
          1e-06,
          0.0,
          0.0,
          1e-06,
          0.0,
          0.0,
          1e-06,
          1e-06,
          2e-06,
          0.995131,
          5e-06,
          6e-06,
          1e-06,
          0.0,
          1e-06,
          0.0,
          1e-06,
          5e-06,
          0.0,
          1e-06,
          0.000113,
          0.0,
          3e-06,
          0.0,
          0.0,
          1e-06,
          0.0,
          1e-06,
          1e-06,
          2e-06,
          0.001499,
          0.001564,
          6e-06,
          3e-06,
          1.1e-05,
          0.000154,
          0.000118,
          1e-06,
          1e-06,
          1e-06,
          2e-06,
          2e-06,
          6e-06,
          3e-06,
          1e-06,
          0.0,
          0.0,
          0.0,
          0.000342,
          2e-06,
          3.7e-05,
          0.0,
          4.1e-05,
          0.0,
          1e-06,
          0.0,
          2e-06,
          1e-06,
          0.0,
          7e-06,
          0.0,
          0.0,
          0.0,
          0.0,
          1e-06,
          0.0,
          0.0,
          0.0,
          5e-06,
          0.0,
          0.0,
          0.0,
          0.0,
          1e-06,
          2e-06,
          0.0,
          0.0,
          1e-06,
          1e-06,
          0.0,
          2e-06,
          2.1e-05,
          0.0,
          0.0,
          1e-06,
          1.3e-05,
          2e-06,
          0.0,
          0.0,
          0.000553,
          1e-06,
          1e-06,
          1e-06,
          0.0,
          1e-06,
          1e-06,
          0.0,
          3e-06,
          0.0,
          1e-06
        ]
      },
      "hard_metrics": {
        "active_bin_count": 1,
        "dead_bin_count": 127,
        "max_bin_usage": 0.9999,
        "top1_distribution": [
          0.0,
          0.0,
          0.0,
          0.0,
          0.0,
          0.0,
          0.0,
          0.0,
          0.0,
          0.0,
          0.0,
          0.0,
          0.0,
          0.0,
          0.0,
          0.0,
          0.0,
          0.0,
          0.0,
          0.0,
          0.0,
          0.0,
          0.0,
          0.0,
          0.0,
          0.0,
          0.0,
          0.0,
          0.0,
          0.0,
          0.0,
          0.0,
          0.0,
          0.0,
          0.0,
          0.0,
          0.0,
          0.999939,
          0.0,
          0.0,
          0.0,
          0.0,
          0.0,
          0.0,
          0.0,
          0.0,
          0.0,
          0.0,
          0.0,
          0.0,
          0.0,
          0.0,
          0.0,
          0.0,
          0.0,
          0.0,
          0.0,
          0.0,
          0.0,
          0.0,
          0.0,
          0.0,
          0.0,
          0.0,
          0.0,
          0.0,
          0.0,
          0.0,
          0.0,
          0.0,
          0.0,
          0.0,
          0.0,
          0.0,
          0.0,
          0.0,
          0.0,
          0.0,
          0.0,
          0.0,
          0.0,
          0.0,
          0.0,
          0.0,
          0.0,
          0.0,
          0.0,
          0.0,
          0.0,
          0.0,
          0.0,
          0.0,
          0.0,
          0.0,
          0.0,
          0.0,
          0.0,
          0.0,
          0.0,
          0.0,
          0.0,
          0.0,
          0.0,
          0.0,
          0.0,
          0.0,
          0.0,
          0.0,
          0.0,
          0.0,
          0.0,
          0.0,
          0.0,
          0.0,
          0.0,
          0.0,
          0.0,
          6.1e-05,
          0.0,
          0.0,
          0.0,
          0.0,
          0.0,
          0.0,
          0.0,
          0.0,
          0.0,
          0.0
        ]
      },
      "thresholds": {
        "active_threshold": 0.003906,
        "dead_threshold": 0.000391,
        "alpha": 0.05
      }
    }
  }
}