{
  "topk_gt": 5,
  "checkpoint_path": "/data/rbg/users/weian/project/rl/dc/weian_development/spec_sparse_simulator/experiments/exp_008_topk_attention_pairs/output/ablation_topk/topk_5/checkpoints/final_model.pt",
  "evaluation": {
    "hit_rates": {
      "50": {
        "hit_rate": 98.5828974577302,
        "recent_hit_rate": 2.5909256781413452,
        "bin_hit_rate": 95.99197177958885,
        "total_queries": 16442,
        "total_hits": 16209,
        "recent_hits": 426,
        "bin_hits": 15783
      },
      "500": {
        "hit_rate": 98.91740664152779,
        "recent_hit_rate": 2.5909256781413452,
        "bin_hit_rate": 96.32648096338644,
        "total_queries": 16442,
        "total_hits": 16264,
        "recent_hits": 426,
        "bin_hits": 15838
      },
      "1000": {
        "hit_rate": 99.17285001824595,
        "recent_hit_rate": 2.5909256781413452,
        "bin_hit_rate": 96.5819243401046,
        "total_queries": 16442,
        "total_hits": 16306,
        "recent_hits": 426,
        "bin_hits": 15880
      }
    },
    "collapse_metrics": {
      "total_queries": 16442,
      "num_bins": 128,
      "soft_metrics": {
        "active_bin_count": 11,
        "dead_bin_count": 103,
        "gini_coefficient": "0.9727",
        "entropy_normalized": "0.2788",
        "max_bin_usage": 0.6231,
        "bin_usage_distribution": [
          0.0,
          1e-06,
          0.000238,
          0.0,
          3e-05,
          0.0,
          0.019572,
          0.003401,
          1e-06,
          2e-06,
          9.8e-05,
          0.001555,
          0.0,
          0.000429,
          1e-06,
          1e-06,
          1e-06,
          0.001583,
          2.9e-05,
          1e-06,
          3.3e-05,
          0.053528,
          0.0,
          2.6e-05,
          1e-06,
          4e-06,
          0.0,
          1e-06,
          9.4e-05,
          0.0,
          0.000786,
          1e-06,
          0.0,
          1e-06,
          2e-06,
          1e-06,
          0.004513,
          0.62308,
          0.001469,
          3e-06,
          0.001556,
          1e-06,
          2e-06,
          0.0,
          1e-06,
          4.7e-05,
          1e-06,
          1e-06,
          5e-06,
          0.0,
          5e-06,
          0.0,
          0.0,
          3e-06,
          0.0,
          1e-06,
          2e-06,
          4e-06,
          0.002695,
          0.0,
          0.016177,
          0.200717,
          1.4e-05,
          0.003682,
          3e-06,
          1e-06,
          1e-06,
          2e-06,
          1e-06,
          4e-06,
          1.3e-05,
          3e-06,
          1e-06,
          0.017294,
          0.0,
          0.0,
          2e-06,
          6e-06,
          6.3e-05,
          0.0,
          0.005141,
          0.0,
          2e-06,
          0.0,
          3e-06,
          0.0,
          0.0,
          0.00079,
          0.0,
          1e-06,
          0.002881,
          0.0,
          1e-06,
          0.0,
          0.0,
          0.0,
          6.2e-05,
          0.0,
          0.012936,
          0.0,
          1e-06,
          1e-06,
          0.014153,
          1e-06,
          0.0,
          0.007906,
          1e-06,
          0.0,
          1.2e-05,
          0.000833,
          0.000416,
          1e-06,
          0.000339,
          2.8e-05,
          4.9e-05,
          0.0,
          0.0,
          1e-06,
          2e-06,
          1e-06,
          2e-06,
          0.0,
          1e-06,
          1e-06,
          0.001628,
          4e-06,
          0.0,
          1e-06
        ]
      },
      "hard_metrics": {
        "active_bin_count": 4,
        "dead_bin_count": 116,
        "max_bin_usage": 0.822,
        "top1_distribution": [
          0.0,
          0.0,
          0.0,
          0.0,
          0.0,
          0.0,
          0.000608,
          0.000182,
          0.0,
          0.0,
          0.0,
          0.0,
          0.0,
          0.0,
          0.0,
          0.0,
          0.0,
          6.1e-05,
          0.0,
          0.0,
          0.0,
          0.009245,
          0.0,
          0.0,
          0.0,
          0.0,
          0.0,
          0.0,
          0.0,
          0.0,
          0.0,
          0.0,
          0.0,
          0.0,
          0.0,
          0.0,
          0.000304,
          0.82198,
          0.0,
          0.0,
          0.0,
          0.0,
          0.0,
          0.0,
          0.0,
          0.0,
          0.0,
          0.0,
          0.0,
          0.0,
          0.0,
          0.0,
          0.0,
          0.0,
          0.0,
          0.0,
          0.0,
          0.0,
          0.00225,
          0.0,
          0.002554,
          0.147671,
          0.0,
          0.000487,
          0.0,
          0.0,
          0.0,
          0.0,
          0.0,
          0.0,
          0.0,
          0.0,
          0.0,
          0.007907,
          0.0,
          0.0,
          0.0,
          0.0,
          0.0,
          0.0,
          0.00219,
          0.0,
          0.0,
          0.0,
          0.0,
          0.0,
          0.0,
          0.0,
          0.0,
          0.0,
          0.000182,
          0.0,
          0.0,
          0.0,
          0.0,
          0.0,
          0.0,
          0.0,
          0.000912,
          0.0,
          0.0,
          0.0,
          0.001703,
          0.0,
          0.0,
          0.001764,
          0.0,
          0.0,
          0.0,
          0.0,
          0.0,
          0.0,
          0.0,
          0.0,
          0.0,
          0.0,
          0.0,
          0.0,
          0.0,
          0.0,
          0.0,
          0.0,
          0.0,
          0.0,
          0.0,
          0.0,
          0.0,
          0.0
        ]
      },
      "thresholds": {
        "active_threshold": 0.003906,
        "dead_threshold": 0.000391,
        "alpha": 0.05
      }
    }
  }
}